filename,ensemble_ratio,best_baseline_ratio,best_baseline_algo,improvement_pct,file_size_kb
concatenated_types.dat,2.91172542658497,2.929856467792726,zstd,-0.6188371821987309,1488.28125
mixed_code_logs.dat,2.717394044033321,2.7118830591024428,brotli,0.20321617159636288,842.275390625
mixed_formats.dat,12.32355048237654,11.721466372907534,brotli,5.136593752985,503.9658203125
mixed_text_binary.dat,2.8206988597174822,2.7783169522330646,lzma,1.5254525748170407,615.0390625
multimedia_sim.dat,1.0046942352721235,1.004664321164577,zstd,0.0029775226328259538,2010.05859375
